[
  {
    "code": "BONOUA-001-BV01",
    "centre_code": "001",
    "centre_nom": "ECOLE METHODISTE",
    "bureau_nom": "BV01",
    "nom": "001 - ECOLE METHODISTE / BV01",
    "registered": 396,
    "segment": "COMMUNE",
    "commune": "Bonoua"
  },
  {
    "code": "BONOUA-001-BV02",
    "centre_code": "001",
    "centre_nom": "ECOLE METHODISTE",
    "bureau_nom": "BV02",
    "nom": "001 - ECOLE METHODISTE / BV02",
    "registered": 396,
    "segment": "COMMUNE",
    "commune": "Bonoua"
  },
  {
    "code": "BONOUA-001-BV03",
    "centre_code": "001",
    "centre_nom": "ECOLE METHODISTE",
    "bureau_nom": "BV03",
    "nom": "001 - ECOLE METHODISTE / BV03",
    "registered": 396,
    "segment": "COMMUNE",
    "commune": "Bonoua"
  },
  {
    "code": "BONOUA-001-BV04",
    "centre_code": "001",
    "centre_nom": "ECOLE METHODISTE",
    "bureau_nom": "BV04",
    "nom": "001 - ECOLE METHODISTE / BV04",
    "registered": 396,
    "segment": "COMMUNE",
    "commune": "Bonoua"
  },
  {
    "code": "BONOUA-001-BV05",
    "centre_code": "001",
    "centre_nom": "ECOLE METHODISTE",
    "bureau_nom": "BV05",
    "nom": "001 - ECOLE METHODISTE / BV05",
    "registered": 395,
    "segment": "COMMUNE",
    "commune": "Bonoua"
  },
  {
    "code": "BONOUA-001-BV06",
    "centre_code": "001",
    "centre_nom": "ECOLE METHODISTE",
    "bureau_nom": "BV06",
    "nom": "001 - ECOLE METHODISTE / BV06",
    "registered": 395,
    "segment": "COMMUNE",
    "commune": "Bonoua"
  },
  {
    "code": "BONOUA-001-BV07",
    "centre_code": "001",
    "centre_nom": "ECOLE METHODISTE",
    "bureau_nom": "BV07",
    "nom": "001 - ECOLE METHODISTE / BV07",
    "registered": 395,
    "segment": "COMMUNE",
    "commune": "Bonoua"
  },
  {
    "code": "BONOUA-001-BV08",
    "centre_code": "001",
    "centre_nom": "ECOLE METHODISTE",
    "bureau_nom": "BV08",
    "nom": "001 - ECOLE METHODISTE / BV08",
    "registered": 395,
    "segment": "COMMUNE",
    "commune": "Bonoua"
  },
  {
    "code": "BONOUA-002-BV01",
    "centre_code": "002",
    "centre_nom": "GS AWOSSI AHOULOU 1",
    "bureau_nom": "BV01",
    "nom": "002 - GS AWOSSI AHOULOU 1 / BV01",
    "registered": 407,
    "segment": "COMMUNE",
    "commune": "Bonoua"
  },
  {
    "code": "BONOUA-002-BV02",
    "centre_code": "002",
    "centre_nom": "GS AWOSSI AHOULOU 1",
    "bureau_nom": "BV02",
    "nom": "002 - GS AWOSSI AHOULOU 1 / BV02",
    "registered": 407,
    "segment": "COMMUNE",
    "commune": "Bonoua"
  },
  {
    "code": "BONOUA-002-BV03",
    "centre_code": "002",
    "centre_nom": "GS AWOSSI AHOULOU 1",
    "bureau_nom": "BV03",
    "nom": "002 - GS AWOSSI AHOULOU 1 / BV03",
    "registered": 407,
    "segment": "COMMUNE",
    "commune": "Bonoua"
  },
  {
    "code": "BONOUA-002-BV04",
    "centre_code": "002",
    "centre_nom": "GS AWOSSI AHOULOU 1",
    "bureau_nom": "BV04",
    "nom": "002 - GS AWOSSI AHOULOU 1 / BV04",
    "registered": 406,
    "segment": "COMMUNE",
    "commune": "Bonoua"
  },
  {
    "code": "BONOUA-002-BV05",
    "centre_code": "002",
    "centre_nom": "GS AWOSSI AHOULOU 1",
    "bureau_nom": "BV05",
    "nom": "002 - GS AWOSSI AHOULOU 1 / BV05",
    "registered": 406,
    "segment": "COMMUNE",
    "commune": "Bonoua"
  },
  {
    "code": "BONOUA-002-BV06",
    "centre_code": "002",
    "centre_nom": "GS AWOSSI AHOULOU 1",
    "bureau_nom": "BV06",
    "nom": "002 - GS AWOSSI AHOULOU 1 / BV06",
    "registered": 406,
    "segment": "COMMUNE",
    "commune": "Bonoua"
  },
  {
    "code": "BONOUA-002-BV07",
    "centre_code": "002",
    "centre_nom": "GS AWOSSI AHOULOU 1",
    "bureau_nom": "BV07",
    "nom": "002 - GS AWOSSI AHOULOU 1 / BV07",
    "registered": 406,
    "segment": "COMMUNE",
    "commune": "Bonoua"
  },
  {
    "code": "BONOUA-002-BV08",
    "centre_code": "002",
    "centre_nom": "GS AWOSSI AHOULOU 1",
    "bureau_nom": "BV08",
    "nom": "002 - GS AWOSSI AHOULOU 1 / BV08",
    "registered": 406,
    "segment": "COMMUNE",
    "commune": "Bonoua"
  },
  {
    "code": "BONOUA-003-BV01",
    "centre_code": "003",
    "centre_nom": "GS MOULO BROU AN 2000",
    "bureau_nom": "BV01",
    "nom": "003 - GS MOULO BROU AN 2000 / BV01",
    "registered": 440,
    "segment": "COMMUNE",
    "commune": "Bonoua"
  },
  {
    "code": "BONOUA-003-BV02",
    "centre_code": "003",
    "centre_nom": "GS MOULO BROU AN 2000",
    "bureau_nom": "BV02",
    "nom": "003 - GS MOULO BROU AN 2000 / BV02",
    "registered": 440,
    "segment": "COMMUNE",
    "commune": "Bonoua"
  },
  {
    "code": "BONOUA-003-BV03",
    "centre_code": "003",
    "centre_nom": "GS MOULO BROU AN 2000",
    "bureau_nom": "BV03",
    "nom": "003 - GS MOULO BROU AN 2000 / BV03",
    "registered": 440,
    "segment": "COMMUNE",
    "commune": "Bonoua"
  },
  {
    "code": "BONOUA-003-BV04",
    "centre_code": "003",
    "centre_nom": "GS MOULO BROU AN 2000",
    "bureau_nom": "BV04",
    "nom": "003 - GS MOULO BROU AN 2000 / BV04",
    "registered": 439,
    "segment": "COMMUNE",
    "commune": "Bonoua"
  },
  {
    "code": "BONOUA-003-BV05",
    "centre_code": "003",
    "centre_nom": "GS MOULO BROU AN 2000",
    "bureau_nom": "BV05",
    "nom": "003 - GS MOULO BROU AN 2000 / BV05",
    "registered": 439,
    "segment": "COMMUNE",
    "commune": "Bonoua"
  },
  {
    "code": "BONOUA-003-BV06",
    "centre_code": "003",
    "centre_nom": "GS MOULO BROU AN 2000",
    "bureau_nom": "BV06",
    "nom": "003 - GS MOULO BROU AN 2000 / BV06",
    "registered": 439,
    "segment": "COMMUNE",
    "commune": "Bonoua"
  },
  {
    "code": "BONOUA-004-BV01",
    "centre_code": "004",
    "centre_nom": "EPP BONOUA HARRIS 1-2",
    "bureau_nom": "BV01",
    "nom": "004 - EPP BONOUA HARRIS 1-2 / BV01",
    "registered": 385,
    "segment": "COMMUNE",
    "commune": "Bonoua"
  },
  {
    "code": "BONOUA-004-BV02",
    "centre_code": "004",
    "centre_nom": "EPP BONOUA HARRIS 1-2",
    "bureau_nom": "BV02",
    "nom": "004 - EPP BONOUA HARRIS 1-2 / BV02",
    "registered": 385,
    "segment": "COMMUNE",
    "commune": "Bonoua"
  },
  {
    "code": "BONOUA-004-BV03",
    "centre_code": "004",
    "centre_nom": "EPP BONOUA HARRIS 1-2",
    "bureau_nom": "BV03",
    "nom": "004 - EPP BONOUA HARRIS 1-2 / BV03",
    "registered": 385,
    "segment": "COMMUNE",
    "commune": "Bonoua"
  },
  {
    "code": "BONOUA-004-BV04",
    "centre_code": "004",
    "centre_nom": "EPP BONOUA HARRIS 1-2",
    "bureau_nom": "BV04",
    "nom": "004 - EPP BONOUA HARRIS 1-2 / BV04",
    "registered": 385,
    "segment": "COMMUNE",
    "commune": "Bonoua"
  },
  {
    "code": "BONOUA-004-BV05",
    "centre_code": "004",
    "centre_nom": "EPP BONOUA HARRIS 1-2",
    "bureau_nom": "BV05",
    "nom": "004 - EPP BONOUA HARRIS 1-2 / BV05",
    "registered": 384,
    "segment": "COMMUNE",
    "commune": "Bonoua"
  },
  {
    "code": "BONOUA-005-BV01",
    "centre_code": "005",
    "centre_nom": "GS BONOUA MUNICIPALITE",
    "bureau_nom": "BV01",
    "nom": "005 - GS BONOUA MUNICIPALITE / BV01",
    "registered": 443,
    "segment": "COMMUNE",
    "commune": "Bonoua"
  },
  {
    "code": "BONOUA-005-BV02",
    "centre_code": "005",
    "centre_nom": "GS BONOUA MUNICIPALITE",
    "bureau_nom": "BV02",
    "nom": "005 - GS BONOUA MUNICIPALITE / BV02",
    "registered": 443,
    "segment": "COMMUNE",
    "commune": "Bonoua"
  },
  {
    "code": "BONOUA-005-BV03",
    "centre_code": "005",
    "centre_nom": "GS BONOUA MUNICIPALITE",
    "bureau_nom": "BV03",
    "nom": "005 - GS BONOUA MUNICIPALITE / BV03",
    "registered": 443,
    "segment": "COMMUNE",
    "commune": "Bonoua"
  },
  {
    "code": "BONOUA-005-BV04",
    "centre_code": "005",
    "centre_nom": "GS BONOUA MUNICIPALITE",
    "bureau_nom": "BV04",
    "nom": "005 - GS BONOUA MUNICIPALITE / BV04",
    "registered": 442,
    "segment": "COMMUNE",
    "commune": "Bonoua"
  },
  {
    "code": "BONOUA-006-BV01",
    "centre_code": "006",
    "centre_nom": "EPP IMPERIE",
    "bureau_nom": "BV01",
    "nom": "006 - EPP IMPERIE / BV01",
    "registered": 369,
    "segment": "COMMUNE",
    "commune": "Bonoua"
  },
  {
    "code": "BONOUA-006-BV02",
    "centre_code": "006",
    "centre_nom": "EPP IMPERIE",
    "bureau_nom": "BV02",
    "nom": "006 - EPP IMPERIE / BV02",
    "registered": 369,
    "segment": "COMMUNE",
    "commune": "Bonoua"
  },
  {
    "code": "BONOUA-006-BV03",
    "centre_code": "006",
    "centre_nom": "EPP IMPERIE",
    "bureau_nom": "BV03",
    "nom": "006 - EPP IMPERIE / BV03",
    "registered": 369,
    "segment": "COMMUNE",
    "commune": "Bonoua"
  },
  {
    "code": "BONOUA-006-BV04",
    "centre_code": "006",
    "centre_nom": "EPP IMPERIE",
    "bureau_nom": "BV04",
    "nom": "006 - EPP IMPERIE / BV04",
    "registered": 368,
    "segment": "COMMUNE",
    "commune": "Bonoua"
  },
  {
    "code": "BONOUA-007-BV01",
    "centre_code": "007",
    "centre_nom": "GS BONHI ADJA",
    "bureau_nom": "BV01",
    "nom": "007 - GS BONHI ADJA / BV01",
    "registered": 402,
    "segment": "COMMUNE",
    "commune": "Bonoua"
  },
  {
    "code": "BONOUA-007-BV02",
    "centre_code": "007",
    "centre_nom": "GS BONHI ADJA",
    "bureau_nom": "BV02",
    "nom": "007 - GS BONHI ADJA / BV02",
    "registered": 402,
    "segment": "COMMUNE",
    "commune": "Bonoua"
  },
  {
    "code": "BONOUA-007-BV03",
    "centre_code": "007",
    "centre_nom": "GS BONHI ADJA",
    "bureau_nom": "BV03",
    "nom": "007 - GS BONHI ADJA / BV03",
    "registered": 402,
    "segment": "COMMUNE",
    "commune": "Bonoua"
  },
  {
    "code": "BONOUA-007-BV04",
    "centre_code": "007",
    "centre_nom": "GS BONHI ADJA",
    "bureau_nom": "BV04",
    "nom": "007 - GS BONHI ADJA / BV04",
    "registered": 401,
    "segment": "COMMUNE",
    "commune": "Bonoua"
  },
  {
    "code": "BONOUA-007-BV05",
    "centre_code": "007",
    "centre_nom": "GS BONHI ADJA",
    "bureau_nom": "BV05",
    "nom": "007 - GS BONHI ADJA / BV05",
    "registered": 401,
    "segment": "COMMUNE",
    "commune": "Bonoua"
  },
  {
    "code": "BONOUA-007-BV06",
    "centre_code": "007",
    "centre_nom": "GS BONHI ADJA",
    "bureau_nom": "BV06",
    "nom": "007 - GS BONHI ADJA / BV06",
    "registered": 401,
    "segment": "COMMUNE",
    "commune": "Bonoua"
  },
  {
    "code": "BONOUA-007-BV07",
    "centre_code": "007",
    "centre_nom": "GS BONHI ADJA",
    "bureau_nom": "BV07",
    "nom": "007 - GS BONHI ADJA / BV07",
    "registered": 401,
    "segment": "COMMUNE",
    "commune": "Bonoua"
  },
  {
    "code": "BONOUA-007-BV08",
    "centre_code": "007",
    "centre_nom": "GS BONHI ADJA",
    "bureau_nom": "BV08",
    "nom": "007 - GS BONHI ADJA / BV08",
    "registered": 401,
    "segment": "COMMUNE",
    "commune": "Bonoua"
  },
  {
    "code": "BONOUA-007-BV09",
    "centre_code": "007",
    "centre_nom": "GS BONHI ADJA",
    "bureau_nom": "BV09",
    "nom": "007 - GS BONHI ADJA / BV09",
    "registered": 401,
    "segment": "COMMUNE",
    "commune": "Bonoua"
  },
  {
    "code": "BONOUA-008-BV01",
    "centre_code": "008",
    "centre_nom": "GROUPE SCOLAIRE AKPA GNAGNE AHOU",
    "bureau_nom": "BV01",
    "nom": "008 - GROUPE SCOLAIRE AKPA GNAGNE AHOU / BV01",
    "registered": 439,
    "segment": "COMMUNE",
    "commune": "Bonoua"
  },
  {
    "code": "BONOUA-008-BV02",
    "centre_code": "008",
    "centre_nom": "GROUPE SCOLAIRE AKPA GNAGNE AHOU",
    "bureau_nom": "BV02",
    "nom": "008 - GROUPE SCOLAIRE AKPA GNAGNE AHOU / BV02",
    "registered": 439,
    "segment": "COMMUNE",
    "commune": "Bonoua"
  },
  {
    "code": "BONOUA-008-BV03",
    "centre_code": "008",
    "centre_nom": "GROUPE SCOLAIRE AKPA GNAGNE AHOU",
    "bureau_nom": "BV03",
    "nom": "008 - GROUPE SCOLAIRE AKPA GNAGNE AHOU / BV03",
    "registered": 439,
    "segment": "COMMUNE",
    "commune": "Bonoua"
  },
  {
    "code": "BONOUA-008-BV04",
    "centre_code": "008",
    "centre_nom": "GROUPE SCOLAIRE AKPA GNAGNE AHOU",
    "bureau_nom": "BV04",
    "nom": "008 - GROUPE SCOLAIRE AKPA GNAGNE AHOU / BV04",
    "registered": 439,
    "segment": "COMMUNE",
    "commune": "Bonoua"
  },
  {
    "code": "BONOUA-008-BV05",
    "centre_code": "008",
    "centre_nom": "GROUPE SCOLAIRE AKPA GNAGNE AHOU",
    "bureau_nom": "BV05",
    "nom": "008 - GROUPE SCOLAIRE AKPA GNAGNE AHOU / BV05",
    "registered": 439,
    "segment": "COMMUNE",
    "commune": "Bonoua"
  },
  {
    "code": "BONOUA-008-BV06",
    "centre_code": "008",
    "centre_nom": "GROUPE SCOLAIRE AKPA GNAGNE AHOU",
    "bureau_nom": "BV06",
    "nom": "008 - GROUPE SCOLAIRE AKPA GNAGNE AHOU / BV06",
    "registered": 439,
    "segment": "COMMUNE",
    "commune": "Bonoua"
  },
  {
    "code": "BONOUA-008-BV07",
    "centre_code": "008",
    "centre_nom": "GROUPE SCOLAIRE AKPA GNAGNE AHOU",
    "bureau_nom": "BV07",
    "nom": "008 - GROUPE SCOLAIRE AKPA GNAGNE AHOU / BV07",
    "registered": 439,
    "segment": "COMMUNE",
    "commune": "Bonoua"
  },
  {
    "code": "BONOUA-008-BV08",
    "centre_code": "008",
    "centre_nom": "GROUPE SCOLAIRE AKPA GNAGNE AHOU",
    "bureau_nom": "BV08",
    "nom": "008 - GROUPE SCOLAIRE AKPA GNAGNE AHOU / BV08",
    "registered": 438,
    "segment": "COMMUNE",
    "commune": "Bonoua"
  },
  {
    "code": "BONOUA-008-BV09",
    "centre_code": "008",
    "centre_nom": "GROUPE SCOLAIRE AKPA GNAGNE AHOU",
    "bureau_nom": "BV09",
    "nom": "008 - GROUPE SCOLAIRE AKPA GNAGNE AHOU / BV09",
    "registered": 438,
    "segment": "COMMUNE",
    "commune": "Bonoua"
  },
  {
    "code": "BONOUA-008-BV10",
    "centre_code": "008",
    "centre_nom": "GROUPE SCOLAIRE AKPA GNAGNE AHOU",
    "bureau_nom": "BV10",
    "nom": "008 - GROUPE SCOLAIRE AKPA GNAGNE AHOU / BV10",
    "registered": 438,
    "segment": "COMMUNE",
    "commune": "Bonoua"
  },
  {
    "code": "BONOUA-009-BV01",
    "centre_code": "009",
    "centre_nom": "EPP ADIAHO",
    "bureau_nom": "BV01",
    "nom": "009 - EPP ADIAHO / BV01",
    "registered": 361,
    "segment": "COMMUNE",
    "commune": "Bonoua"
  },
  {
    "code": "BONOUA-009-BV02",
    "centre_code": "009",
    "centre_nom": "EPP ADIAHO",
    "bureau_nom": "BV02",
    "nom": "009 - EPP ADIAHO / BV02",
    "registered": 361,
    "segment": "COMMUNE",
    "commune": "Bonoua"
  },
  {
    "code": "BONOUA-009-BV03",
    "centre_code": "009",
    "centre_nom": "EPP ADIAHO",
    "bureau_nom": "BV03",
    "nom": "009 - EPP ADIAHO / BV03",
    "registered": 360,
    "segment": "COMMUNE",
    "commune": "Bonoua"
  },
  {
    "code": "BONOUA-009-BV04",
    "centre_code": "009",
    "centre_nom": "EPP ADIAHO",
    "bureau_nom": "BV04",
    "nom": "009 - EPP ADIAHO / BV04",
    "registered": 360,
    "segment": "COMMUNE",
    "commune": "Bonoua"
  },
  {
    "code": "BONOUA-010-BV01",
    "centre_code": "010",
    "centre_nom": "EPP SAMO",
    "bureau_nom": "BV01",
    "nom": "010 - EPP SAMO / BV01",
    "registered": 401,
    "segment": "COMMUNE",
    "commune": "Bonoua"
  },
  {
    "code": "BONOUA-010-BV02",
    "centre_code": "010",
    "centre_nom": "EPP SAMO",
    "bureau_nom": "BV02",
    "nom": "010 - EPP SAMO / BV02",
    "registered": 401,
    "segment": "COMMUNE",
    "commune": "Bonoua"
  },
  {
    "code": "BONOUA-010-BV03",
    "centre_code": "010",
    "centre_nom": "EPP SAMO",
    "bureau_nom": "BV03",
    "nom": "010 - EPP SAMO / BV03",
    "registered": 401,
    "segment": "COMMUNE",
    "commune": "Bonoua"
  },
  {
    "code": "BONOUA-010-BV04",
    "centre_code": "010",
    "centre_nom": "EPP SAMO",
    "bureau_nom": "BV04",
    "nom": "010 - EPP SAMO / BV04",
    "registered": 401,
    "segment": "COMMUNE",
    "commune": "Bonoua"
  },
  {
    "code": "BONOUA-010-BV05",
    "centre_code": "010",
    "centre_nom": "EPP SAMO",
    "bureau_nom": "BV05",
    "nom": "010 - EPP SAMO / BV05",
    "registered": 401,
    "segment": "COMMUNE",
    "commune": "Bonoua"
  },
  {
    "code": "BONOUA-010-BV06",
    "centre_code": "010",
    "centre_nom": "EPP SAMO",
    "bureau_nom": "BV06",
    "nom": "010 - EPP SAMO / BV06",
    "registered": 401,
    "segment": "COMMUNE",
    "commune": "Bonoua"
  },
  {
    "code": "BONOUA-010-BV07",
    "centre_code": "010",
    "centre_nom": "EPP SAMO",
    "bureau_nom": "BV07",
    "nom": "010 - EPP SAMO / BV07",
    "registered": 400,
    "segment": "COMMUNE",
    "commune": "Bonoua"
  },
  {
    "code": "BONOUA-010-BV08",
    "centre_code": "010",
    "centre_nom": "EPP SAMO",
    "bureau_nom": "BV08",
    "nom": "010 - EPP SAMO / BV08",
    "registered": 400,
    "segment": "COMMUNE",
    "commune": "Bonoua"
  },
  {
    "code": "BONOUA-010-BV09",
    "centre_code": "010",
    "centre_nom": "EPP SAMO",
    "bureau_nom": "BV09",
    "nom": "010 - EPP SAMO / BV09",
    "registered": 400,
    "segment": "COMMUNE",
    "commune": "Bonoua"
  },
  {
    "code": "BONOUA-011-BV01",
    "centre_code": "011",
    "centre_nom": "EPP YAHOU A ET B",
    "bureau_nom": "BV01",
    "nom": "011 - EPP YAHOU A ET B / BV01",
    "registered": 395,
    "segment": "COMMUNE",
    "commune": "Bonoua"
  },
  {
    "code": "BONOUA-011-BV02",
    "centre_code": "011",
    "centre_nom": "EPP YAHOU A ET B",
    "bureau_nom": "BV02",
    "nom": "011 - EPP YAHOU A ET B / BV02",
    "registered": 395,
    "segment": "COMMUNE",
    "commune": "Bonoua"
  },
  {
    "code": "BONOUA-011-BV03",
    "centre_code": "011",
    "centre_nom": "EPP YAHOU A ET B",
    "bureau_nom": "BV03",
    "nom": "011 - EPP YAHOU A ET B / BV03",
    "registered": 395,
    "segment": "COMMUNE",
    "commune": "Bonoua"
  },
  {
    "code": "BONOUA-011-BV04",
    "centre_code": "011",
    "centre_nom": "EPP YAHOU A ET B",
    "bureau_nom": "BV04",
    "nom": "011 - EPP YAHOU A ET B / BV04",
    "registered": 395,
    "segment": "COMMUNE",
    "commune": "Bonoua"
  },
  {
    "code": "BONOUA-011-BV05",
    "centre_code": "011",
    "centre_nom": "EPP YAHOU A ET B",
    "bureau_nom": "BV05",
    "nom": "011 - EPP YAHOU A ET B / BV05",
    "registered": 395,
    "segment": "COMMUNE",
    "commune": "Bonoua"
  },
  {
    "code": "BONOUA-011-BV06",
    "centre_code": "011",
    "centre_nom": "EPP YAHOU A ET B",
    "bureau_nom": "BV06",
    "nom": "011 - EPP YAHOU A ET B / BV06",
    "registered": 395,
    "segment": "COMMUNE",
    "commune": "Bonoua"
  },
  {
    "code": "BONOUA-011-BV07",
    "centre_code": "011",
    "centre_nom": "EPP YAHOU A ET B",
    "bureau_nom": "BV07",
    "nom": "011 - EPP YAHOU A ET B / BV07",
    "registered": 395,
    "segment": "COMMUNE",
    "commune": "Bonoua"
  },
  {
    "code": "BONOUA-011-BV08",
    "centre_code": "011",
    "centre_nom": "EPP YAHOU A ET B",
    "bureau_nom": "BV08",
    "nom": "011 - EPP YAHOU A ET B / BV08",
    "registered": 395,
    "segment": "COMMUNE",
    "commune": "Bonoua"
  },
  {
    "code": "BONOUA-012-BV01",
    "centre_code": "012",
    "centre_nom": "EPP HARRIS 1-2",
    "bureau_nom": "BV01",
    "nom": "012 - EPP HARRIS 1-2 / BV01",
    "registered": 411,
    "segment": "COMMUNE",
    "commune": "Bonoua"
  },
  {
    "code": "BONOUA-012-BV02",
    "centre_code": "012",
    "centre_nom": "EPP HARRIS 1-2",
    "bureau_nom": "BV02",
    "nom": "012 - EPP HARRIS 1-2 / BV02",
    "registered": 411,
    "segment": "COMMUNE",
    "commune": "Bonoua"
  },
  {
    "code": "BONOUA-012-BV03",
    "centre_code": "012",
    "centre_nom": "EPP HARRIS 1-2",
    "bureau_nom": "BV03",
    "nom": "012 - EPP HARRIS 1-2 / BV03",
    "registered": 410,
    "segment": "COMMUNE",
    "commune": "Bonoua"
  },
  {
    "code": "BONOUA-012-BV04",
    "centre_code": "012",
    "centre_nom": "EPP HARRIS 1-2",
    "bureau_nom": "BV04",
    "nom": "012 - EPP HARRIS 1-2 / BV04",
    "registered": 410,
    "segment": "COMMUNE",
    "commune": "Bonoua"
  },
  {
    "code": "BONOUA-012-BV05",
    "centre_code": "012",
    "centre_nom": "EPP HARRIS 1-2",
    "bureau_nom": "BV05",
    "nom": "012 - EPP HARRIS 1-2 / BV05",
    "registered": 410,
    "segment": "COMMUNE",
    "commune": "Bonoua"
  },
  {
    "code": "BONOUA-012-BV06",
    "centre_code": "012",
    "centre_nom": "EPP HARRIS 1-2",
    "bureau_nom": "BV06",
    "nom": "012 - EPP HARRIS 1-2 / BV06",
    "registered": 410,
    "segment": "COMMUNE",
    "commune": "Bonoua"
  },
  {
    "code": "BONOUA-013-BV01",
    "centre_code": "013",
    "centre_nom": "GROUPE SCOLAIRE OBROU KOUASSI",
    "bureau_nom": "BV01",
    "nom": "013 - GROUPE SCOLAIRE OBROU KOUASSI / BV01",
    "registered": 414,
    "segment": "COMMUNE",
    "commune": "Bonoua"
  },
  {
    "code": "BONOUA-013-BV02",
    "centre_code": "013",
    "centre_nom": "GROUPE SCOLAIRE OBROU KOUASSI",
    "bureau_nom": "BV02",
    "nom": "013 - GROUPE SCOLAIRE OBROU KOUASSI / BV02",
    "registered": 414,
    "segment": "COMMUNE",
    "commune": "Bonoua"
  },
  {
    "code": "BONOUA-013-BV03",
    "centre_code": "013",
    "centre_nom": "GROUPE SCOLAIRE OBROU KOUASSI",
    "bureau_nom": "BV03",
    "nom": "013 - GROUPE SCOLAIRE OBROU KOUASSI / BV03",
    "registered": 414,
    "segment": "COMMUNE",
    "commune": "Bonoua"
  },
  {
    "code": "BONOUA-013-BV04",
    "centre_code": "013",
    "centre_nom": "GROUPE SCOLAIRE OBROU KOUASSI",
    "bureau_nom": "BV04",
    "nom": "013 - GROUPE SCOLAIRE OBROU KOUASSI / BV04",
    "registered": 413,
    "segment": "COMMUNE",
    "commune": "Bonoua"
  },
  {
    "code": "BONOUA-013-BV05",
    "centre_code": "013",
    "centre_nom": "GROUPE SCOLAIRE OBROU KOUASSI",
    "bureau_nom": "BV05",
    "nom": "013 - GROUPE SCOLAIRE OBROU KOUASSI / BV05",
    "registered": 413,
    "segment": "COMMUNE",
    "commune": "Bonoua"
  },
  {
    "code": "BONOUA-013-BV06",
    "centre_code": "013",
    "centre_nom": "GROUPE SCOLAIRE OBROU KOUASSI",
    "bureau_nom": "BV06",
    "nom": "013 - GROUPE SCOLAIRE OBROU KOUASSI / BV06",
    "registered": 413,
    "segment": "COMMUNE",
    "commune": "Bonoua"
  },
  {
    "code": "BONOUA-014-BV01",
    "centre_code": "014",
    "centre_nom": "COLLEGE CHRIST-ROI",
    "bureau_nom": "BV01",
    "nom": "014 - COLLEGE CHRIST-ROI / BV01",
    "registered": 421,
    "segment": "COMMUNE",
    "commune": "Bonoua"
  },
  {
    "code": "BONOUA-014-BV02",
    "centre_code": "014",
    "centre_nom": "COLLEGE CHRIST-ROI",
    "bureau_nom": "BV02",
    "nom": "014 - COLLEGE CHRIST-ROI / BV02",
    "registered": 421,
    "segment": "COMMUNE",
    "commune": "Bonoua"
  },
  {
    "code": "BONOUA-014-BV03",
    "centre_code": "014",
    "centre_nom": "COLLEGE CHRIST-ROI",
    "bureau_nom": "BV03",
    "nom": "014 - COLLEGE CHRIST-ROI / BV03",
    "registered": 420,
    "segment": "COMMUNE",
    "commune": "Bonoua"
  },
  {
    "code": "BONOUA-014-BV04",
    "centre_code": "014",
    "centre_nom": "COLLEGE CHRIST-ROI",
    "bureau_nom": "BV04",
    "nom": "014 - COLLEGE CHRIST-ROI / BV04",
    "registered": 420,
    "segment": "COMMUNE",
    "commune": "Bonoua"
  },
  {
    "code": "BONOUA-014-BV05",
    "centre_code": "014",
    "centre_nom": "COLLEGE CHRIST-ROI",
    "bureau_nom": "BV05",
    "nom": "014 - COLLEGE CHRIST-ROI / BV05",
    "registered": 420,
    "segment": "COMMUNE",
    "commune": "Bonoua"
  },
  {
    "code": "BONOUA-015-BV01",
    "centre_code": "015",
    "centre_nom": "GROUPE SCOLAIRE EMMANUEL",
    "bureau_nom": "BV01",
    "nom": "015 - GROUPE SCOLAIRE EMMANUEL / BV01",
    "registered": 407,
    "segment": "COMMUNE",
    "commune": "Bonoua"
  },
  {
    "code": "BONOUA-015-BV02",
    "centre_code": "015",
    "centre_nom": "GROUPE SCOLAIRE EMMANUEL",
    "bureau_nom": "BV02",
    "nom": "015 - GROUPE SCOLAIRE EMMANUEL / BV02",
    "registered": 407,
    "segment": "COMMUNE",
    "commune": "Bonoua"
  },
  {
    "code": "BONOUA-015-BV03",
    "centre_code": "015",
    "centre_nom": "GROUPE SCOLAIRE EMMANUEL",
    "bureau_nom": "BV03",
    "nom": "015 - GROUPE SCOLAIRE EMMANUEL / BV03",
    "registered": 407,
    "segment": "COMMUNE",
    "commune": "Bonoua"
  },
  {
    "code": "BONOUA-015-BV04",
    "centre_code": "015",
    "centre_nom": "GROUPE SCOLAIRE EMMANUEL",
    "bureau_nom": "BV04",
    "nom": "015 - GROUPE SCOLAIRE EMMANUEL / BV04",
    "registered": 407,
    "segment": "COMMUNE",
    "commune": "Bonoua"
  },
  {
    "code": "BONOUA-015-BV05",
    "centre_code": "015",
    "centre_nom": "GROUPE SCOLAIRE EMMANUEL",
    "bureau_nom": "BV05",
    "nom": "015 - GROUPE SCOLAIRE EMMANUEL / BV05",
    "registered": 406,
    "segment": "COMMUNE",
    "commune": "Bonoua"
  },
  {
    "code": "BONOUA-016-BV01",
    "centre_code": "016",
    "centre_nom": "EPP AMETHIER JEAN BAPTISTE",
    "bureau_nom": "BV01",
    "nom": "016 - EPP AMETHIER JEAN BAPTISTE / BV01",
    "registered": 391,
    "segment": "COMMUNE",
    "commune": "Bonoua"
  },
  {
    "code": "BONOUA-016-BV02",
    "centre_code": "016",
    "centre_nom": "EPP AMETHIER JEAN BAPTISTE",
    "bureau_nom": "BV02",
    "nom": "016 - EPP AMETHIER JEAN BAPTISTE / BV02",
    "registered": 391,
    "segment": "COMMUNE",
    "commune": "Bonoua"
  },
  {
    "code": "BONOUA-016-BV03",
    "centre_code": "016",
    "centre_nom": "EPP AMETHIER JEAN BAPTISTE",
    "bureau_nom": "BV03",
    "nom": "016 - EPP AMETHIER JEAN BAPTISTE / BV03",
    "registered": 390,
    "segment": "COMMUNE",
    "commune": "Bonoua"
  },
  {
    "code": "BONOUA-016-BV04",
    "centre_code": "016",
    "centre_nom": "EPP AMETHIER JEAN BAPTISTE",
    "bureau_nom": "BV04",
    "nom": "016 - EPP AMETHIER JEAN BAPTISTE / BV04",
    "registered": 390,
    "segment": "COMMUNE",
    "commune": "Bonoua"
  },
  {
    "code": "BONOUA-016-BV05",
    "centre_code": "016",
    "centre_nom": "EPP AMETHIER JEAN BAPTISTE",
    "bureau_nom": "BV05",
    "nom": "016 - EPP AMETHIER JEAN BAPTISTE / BV05",
    "registered": 390,
    "segment": "COMMUNE",
    "commune": "Bonoua"
  },
  {
    "code": "BONOUA-017-BV01",
    "centre_code": "017",
    "centre_nom": "PLACE PUBLIQUE KODJOBOUE",
    "bureau_nom": "BV01",
    "nom": "017 - PLACE PUBLIQUE KODJOBOUE / BV01",
    "registered": 399,
    "segment": "COMMUNE",
    "commune": "Bonoua"
  },
  {
    "code": "BONOUA-017-BV02",
    "centre_code": "017",
    "centre_nom": "PLACE PUBLIQUE KODJOBOUE",
    "bureau_nom": "BV02",
    "nom": "017 - PLACE PUBLIQUE KODJOBOUE / BV02",
    "registered": 398,
    "segment": "COMMUNE",
    "commune": "Bonoua"
  },
  {
    "code": "BONOUA-018-BV01",
    "centre_code": "018",
    "centre_nom": "COLLEGE JESUS-MARIE",
    "bureau_nom": "BV01",
    "nom": "018 - COLLEGE JESUS-MARIE / BV01",
    "registered": 395,
    "segment": "COMMUNE",
    "commune": "Bonoua"
  },
  {
    "code": "BONOUA-018-BV02",
    "centre_code": "018",
    "centre_nom": "COLLEGE JESUS-MARIE",
    "bureau_nom": "BV02",
    "nom": "018 - COLLEGE JESUS-MARIE / BV02",
    "registered": 395,
    "segment": "COMMUNE",
    "commune": "Bonoua"
  },
  {
    "code": "BONOUA-019-BV01",
    "centre_code": "019",
    "centre_nom": "EPP ANDRE MAUD",
    "bureau_nom": "BV01",
    "nom": "019 - EPP ANDRE MAUD / BV01",
    "registered": 425,
    "segment": "COMMUNE",
    "commune": "Bonoua"
  },
  {
    "code": "BONOUA-020-BV01",
    "centre_code": "020",
    "centre_nom": "FOYER DES JEUNES DE BONOUA",
    "bureau_nom": "BV01",
    "nom": "020 - FOYER DES JEUNES DE BONOUA / BV01",
    "registered": 374,
    "segment": "COMMUNE",
    "commune": "Bonoua"
  },
  {
    "code": "BONOUA-020-BV02",
    "centre_code": "020",
    "centre_nom": "FOYER DES JEUNES DE BONOUA",
    "bureau_nom": "BV02",
    "nom": "020 - FOYER DES JEUNES DE BONOUA / BV02",
    "registered": 374,
    "segment": "COMMUNE",
    "commune": "Bonoua"
  },
  {
    "code": "BONOUA-020-BV03",
    "centre_code": "020",
    "centre_nom": "FOYER DES JEUNES DE BONOUA",
    "bureau_nom": "BV03",
    "nom": "020 - FOYER DES JEUNES DE BONOUA / BV03",
    "registered": 374,
    "segment": "COMMUNE",
    "commune": "Bonoua"
  },
  {
    "code": "BONOUA-020-BV04",
    "centre_code": "020",
    "centre_nom": "FOYER DES JEUNES DE BONOUA",
    "bureau_nom": "BV04",
    "nom": "020 - FOYER DES JEUNES DE BONOUA / BV04",
    "registered": 373,
    "segment": "COMMUNE",
    "commune": "Bonoua"
  },
  {
    "code": "BONOUA-021-BV01",
    "centre_code": "021",
    "centre_nom": "EPP YAOU C ET D",
    "bureau_nom": "BV01",
    "nom": "021 - EPP YAOU C ET D / BV01",
    "registered": 433,
    "segment": "COMMUNE",
    "commune": "Bonoua"
  },
  {
    "code": "BONOUA-021-BV02",
    "centre_code": "021",
    "centre_nom": "EPP YAOU C ET D",
    "bureau_nom": "BV02",
    "nom": "021 - EPP YAOU C ET D / BV02",
    "registered": 433,
    "segment": "COMMUNE",
    "commune": "Bonoua"
  },
  {
    "code": "BONOUA-021-BV03",
    "centre_code": "021",
    "centre_nom": "EPP YAOU C ET D",
    "bureau_nom": "BV03",
    "nom": "021 - EPP YAOU C ET D / BV03",
    "registered": 432,
    "segment": "COMMUNE",
    "commune": "Bonoua"
  },
  {
    "code": "BONOUA-021-BV04",
    "centre_code": "021",
    "centre_nom": "EPP YAOU C ET D",
    "bureau_nom": "BV04",
    "nom": "021 - EPP YAOU C ET D / BV04",
    "registered": 432,
    "segment": "COMMUNE",
    "commune": "Bonoua"
  },
  {
    "code": "BONOUA-022-BV01",
    "centre_code": "022",
    "centre_nom": "EPP JEAN-BAPTISTE OTRON",
    "bureau_nom": "BV01",
    "nom": "022 - EPP JEAN-BAPTISTE OTRON / BV01",
    "registered": 387,
    "segment": "COMMUNE",
    "commune": "Bonoua"
  },
  {
    "code": "BONOUA-023-BV01",
    "centre_code": "023",
    "centre_nom": "COLLEGE MODERNE YAOU BONOUA",
    "bureau_nom": "BV01",
    "nom": "023 - COLLEGE MODERNE YAOU BONOUA / BV01",
    "registered": 149,
    "segment": "COMMUNE",
    "commune": "Bonoua"
  },
  {
    "code": "BONOUA-024-BV01",
    "centre_code": "024",
    "centre_nom": "EPP EKRA MATHIEU DE TCHANCTHEVE",
    "bureau_nom": "BV01",
    "nom": "024 - EPP EKRA MATHIEU DE TCHANCTHEVE / BV01",
    "registered": 57,
    "segment": "COMMUNE",
    "commune": "Bonoua"
  },
  {
    "code": "BONOUA-025-BV01",
    "centre_code": "025",
    "centre_nom": "COLLEGE PRIVE ELEPHANT",
    "bureau_nom": "BV01",
    "nom": "025 - COLLEGE PRIVE ELEPHANT / BV01",
    "registered": 263,
    "segment": "COMMUNE",
    "commune": "Bonoua"
  },
  {
    "code": "BONOUA-025-BV02",
    "centre_code": "025",
    "centre_nom": "COLLEGE PRIVE ELEPHANT",
    "bureau_nom": "BV02",
    "nom": "025 - COLLEGE PRIVE ELEPHANT / BV02",
    "registered": 262,
    "segment": "COMMUNE",
    "commune": "Bonoua"
  },
  {
    "code": "BONOUA-SP-001-BV01",
    "centre_code": "SP-001",
    "centre_nom": "EPP ABROBAKRO",
    "bureau_nom": "BV01",
    "nom": "SP-001 - EPP ABROBAKRO / BV01",
    "registered": 268,
    "segment": "SOUS-PREFECTURE",
    "commune": "Bonoua"
  },
  {
    "code": "BONOUA-SP-002-BV01",
    "centre_code": "SP-002",
    "centre_nom": "EPP ALLOHORE",
    "bureau_nom": "BV01",
    "nom": "SP-002 - EPP ALLOHORE / BV01",
    "registered": 187,
    "segment": "SOUS-PREFECTURE",
    "commune": "Bonoua"
  },
  {
    "code": "BONOUA-SP-003-BV01",
    "centre_code": "SP-003",
    "centre_nom": "EPP ASSE",
    "bureau_nom": "BV01",
    "nom": "SP-003 - EPP ASSE / BV01",
    "registered": 411,
    "segment": "SOUS-PREFECTURE",
    "commune": "Bonoua"
  },
  {
    "code": "BONOUA-SP-003-BV02",
    "centre_code": "SP-003",
    "centre_nom": "EPP ASSE",
    "bureau_nom": "BV02",
    "nom": "SP-003 - EPP ASSE / BV02",
    "registered": 411,
    "segment": "SOUS-PREFECTURE",
    "commune": "Bonoua"
  },
  {
    "code": "BONOUA-SP-003-BV03",
    "centre_code": "SP-003",
    "centre_nom": "EPP ASSE",
    "bureau_nom": "BV03",
    "nom": "SP-003 - EPP ASSE / BV03",
    "registered": 410,
    "segment": "SOUS-PREFECTURE",
    "commune": "Bonoua"
  },
  {
    "code": "BONOUA-SP-004-BV01",
    "centre_code": "SP-004",
    "centre_nom": "EPP SODEPALME",
    "bureau_nom": "BV01",
    "nom": "SP-004 - EPP SODEPALME / BV01",
    "registered": 423,
    "segment": "SOUS-PREFECTURE",
    "commune": "Bonoua"
  },
  {
    "code": "BONOUA-SP-005-BV01",
    "centre_code": "SP-005",
    "centre_nom": "EPP LARABIA",
    "bureau_nom": "BV01",
    "nom": "SP-005 - EPP LARABIA / BV01",
    "registered": 333,
    "segment": "SOUS-PREFECTURE",
    "commune": "Bonoua"
  },
  {
    "code": "BONOUA-SP-005-BV02",
    "centre_code": "SP-005",
    "centre_nom": "EPP LARABIA",
    "bureau_nom": "BV02",
    "nom": "SP-005 - EPP LARABIA / BV02",
    "registered": 333,
    "segment": "SOUS-PREFECTURE",
    "commune": "Bonoua"
  },
  {
    "code": "BONOUA-SP-005-BV03",
    "centre_code": "SP-005",
    "centre_nom": "EPP LARABIA",
    "bureau_nom": "BV03",
    "nom": "SP-005 - EPP LARABIA / BV03",
    "registered": 332,
    "segment": "SOUS-PREFECTURE",
    "commune": "Bonoua"
  },
  {
    "code": "BONOUA-SP-006-BV01",
    "centre_code": "SP-006",
    "centre_nom": "EPP MEDINA",
    "bureau_nom": "BV01",
    "nom": "SP-006 - EPP MEDINA / BV01",
    "registered": 307,
    "segment": "SOUS-PREFECTURE",
    "commune": "Bonoua"
  },
  {
    "code": "BONOUA-SP-006-BV02",
    "centre_code": "SP-006",
    "centre_nom": "EPP MEDINA",
    "bureau_nom": "BV02",
    "nom": "SP-006 - EPP MEDINA / BV02",
    "registered": 307,
    "segment": "SOUS-PREFECTURE",
    "commune": "Bonoua"
  },
  {
    "code": "BONOUA-SP-007-BV01",
    "centre_code": "SP-007",
    "centre_nom": "EPP MOHAME",
    "bureau_nom": "BV01",
    "nom": "SP-007 - EPP MOHAME / BV01",
    "registered": 383,
    "segment": "SOUS-PREFECTURE",
    "commune": "Bonoua"
  },
  {
    "code": "BONOUA-SP-008-BV01",
    "centre_code": "SP-008",
    "centre_nom": "PLACE PUBLIQUE ONO BORD",
    "bureau_nom": "BV01",
    "nom": "SP-008 - PLACE PUBLIQUE ONO BORD / BV01",
    "registered": 84,
    "segment": "SOUS-PREFECTURE",
    "commune": "Bonoua"
  },
  {
    "code": "BONOUA-SP-009-BV01",
    "centre_code": "SP-009",
    "centre_nom": "EPP ADAMAKRO",
    "bureau_nom": "BV01",
    "nom": "SP-009 - EPP ADAMAKRO / BV01",
    "registered": 55,
    "segment": "SOUS-PREFECTURE",
    "commune": "Bonoua"
  },
  {
    "code": "BONGO-SP-001-BV01",
    "centre_code": "SP-001",
    "centre_nom": "EPP AKROABA 1 PPU",
    "bureau_nom": "BV01",
    "nom": "SP-001 - EPP AKROABA 1 PPU / BV01",
    "registered": 143,
    "segment": "SOUS-PREFECTURE",
    "commune": "Bongo"
  },
  {
    "code": "BONGO-SP-002-BV01",
    "centre_code": "SP-002",
    "centre_nom": "EPP AKROABA-AKOUDJEKOA",
    "bureau_nom": "BV01",
    "nom": "SP-002 - EPP AKROABA-AKOUDJEKOA / BV01",
    "registered": 228,
    "segment": "SOUS-PREFECTURE",
    "commune": "Bongo"
  },
  {
    "code": "BONGO-SP-002-BV02",
    "centre_code": "SP-002",
    "centre_nom": "EPP AKROABA-AKOUDJEKOA",
    "bureau_nom": "BV02",
    "nom": "SP-002 - EPP AKROABA-AKOUDJEKOA / BV02",
    "registered": 227,
    "segment": "SOUS-PREFECTURE",
    "commune": "Bongo"
  },
  {
    "code": "BONGO-SP-003-BV01",
    "centre_code": "SP-003",
    "centre_nom": "GS BONGO SAPH 1 ET 2",
    "bureau_nom": "BV01",
    "nom": "SP-003 - GS BONGO SAPH 1 ET 2 / BV01",
    "registered": 336,
    "segment": "SOUS-PREFECTURE",
    "commune": "Bongo"
  },
  {
    "code": "BONGO-SP-003-BV02",
    "centre_code": "SP-003",
    "centre_nom": "GS BONGO SAPH 1 ET 2",
    "bureau_nom": "BV02",
    "nom": "SP-003 - GS BONGO SAPH 1 ET 2 / BV02",
    "registered": 335,
    "segment": "SOUS-PREFECTURE",
    "commune": "Bongo"
  },
  {
    "code": "BONGO-SP-004-BV01",
    "centre_code": "SP-004",
    "centre_nom": "G.S BONGO-VILLAGE",
    "bureau_nom": "BV01",
    "nom": "SP-004 - G.S BONGO-VILLAGE / BV01",
    "registered": 349,
    "segment": "SOUS-PREFECTURE",
    "commune": "Bongo"
  },
  {
    "code": "BONGO-SP-004-BV02",
    "centre_code": "SP-004",
    "centre_nom": "G.S BONGO-VILLAGE",
    "bureau_nom": "BV02",
    "nom": "SP-004 - G.S BONGO-VILLAGE / BV02",
    "registered": 349,
    "segment": "SOUS-PREFECTURE",
    "commune": "Bongo"
  },
  {
    "code": "BONGO-SP-004-BV03",
    "centre_code": "SP-004",
    "centre_nom": "G.S BONGO-VILLAGE",
    "bureau_nom": "BV03",
    "nom": "SP-004 - G.S BONGO-VILLAGE / BV03",
    "registered": 348,
    "segment": "SOUS-PREFECTURE",
    "commune": "Bongo"
  },
  {
    "code": "BONGO-SP-005-BV01",
    "centre_code": "SP-005",
    "centre_nom": "EPP KIMOUKRO",
    "bureau_nom": "BV01",
    "nom": "SP-005 - EPP KIMOUKRO / BV01",
    "registered": 227,
    "segment": "SOUS-PREFECTURE",
    "commune": "Bongo"
  },
  {
    "code": "BONGO-SP-005-BV02",
    "centre_code": "SP-005",
    "centre_nom": "EPP KIMOUKRO",
    "bureau_nom": "BV02",
    "nom": "SP-005 - EPP KIMOUKRO / BV02",
    "registered": 226,
    "segment": "SOUS-PREFECTURE",
    "commune": "Bongo"
  },
  {
    "code": "BONGO-SP-006-BV01",
    "centre_code": "SP-006",
    "centre_nom": "GS ONO 1 A ET 4 ONO-SALCI",
    "bureau_nom": "BV01",
    "nom": "SP-006 - GS ONO 1 A ET 4 ONO-SALCI / BV01",
    "registered": 386,
    "segment": "SOUS-PREFECTURE",
    "commune": "Bongo"
  },
  {
    "code": "BONGO-SP-006-BV02",
    "centre_code": "SP-006",
    "centre_nom": "GS ONO 1 A ET 4 ONO-SALCI",
    "bureau_nom": "BV02",
    "nom": "SP-006 - GS ONO 1 A ET 4 ONO-SALCI / BV02",
    "registered": 385,
    "segment": "SOUS-PREFECTURE",
    "commune": "Bongo"
  },
  {
    "code": "BONGO-SP-007-BV01",
    "centre_code": "SP-007",
    "centre_nom": "EPP SADIA BAMBA ONO 14",
    "bureau_nom": "BV01",
    "nom": "SP-007 - EPP SADIA BAMBA ONO 14 / BV01",
    "registered": 355,
    "segment": "SOUS-PREFECTURE",
    "commune": "Bongo"
  },
  {
    "code": "BONGO-SP-008-BV01",
    "centre_code": "SP-008",
    "centre_nom": "EPP FANNIE BRECHAT DE WEHOU",
    "bureau_nom": "BV01",
    "nom": "SP-008 - EPP FANNIE BRECHAT DE WEHOU / BV01",
    "registered": 133,
    "segment": "SOUS-PREFECTURE",
    "commune": "Bongo"
  },
  {
    "code": "BONGO-SP-009-BV01",
    "centre_code": "SP-009",
    "centre_nom": "MATERNELLE PK5",
    "bureau_nom": "BV01",
    "nom": "SP-009 - MATERNELLE PK5 / BV01",
    "registered": 159,
    "segment": "SOUS-PREFECTURE",
    "commune": "Bongo"
  },
  {
    "code": "BONGO-SP-010-BV01",
    "centre_code": "SP-010",
    "centre_nom": "GS BONGO SAPH 3 ET 4",
    "bureau_nom": "BV01",
    "nom": "SP-010 - GS BONGO SAPH 3 ET 4 / BV01",
    "registered": 226,
    "segment": "SOUS-PREFECTURE",
    "commune": "Bongo"
  },
  {
    "code": "BONGO-SP-011-BV01",
    "centre_code": "SP-011",
    "centre_nom": "COLLEGE MODERNE BONGO",
    "bureau_nom": "BV01",
    "nom": "SP-011 - COLLEGE MODERNE BONGO / BV01",
    "registered": 352,
    "segment": "SOUS-PREFECTURE",
    "commune": "Bongo"
  },
  {
    "code": "BONGO-SP-012-BV01",
    "centre_code": "SP-012",
    "centre_nom": "EPP OBROU KOMON",
    "bureau_nom": "BV01",
    "nom": "SP-012 - EPP OBROU KOMON / BV01",
    "registered": 89,
    "segment": "SOUS-PREFECTURE",
    "commune": "Bongo"
  }
]