polling_station_code,center_code,center_name,center_display,bureau_code,registered,segment
BONOUA-001-BV01,001,ECOLE METHODISTE,001 - ECOLE METHODISTE,BV01,441,COMMUNE
BONOUA-001-BV02,001,ECOLE METHODISTE,001 - ECOLE METHODISTE,BV02,440,COMMUNE
BONOUA-001-BV03,001,ECOLE METHODISTE,001 - ECOLE METHODISTE,BV03,440,COMMUNE
BONOUA-001-BV04,001,ECOLE METHODISTE,001 - ECOLE METHODISTE,BV04,440,COMMUNE
BONOUA-001-BV05,001,ECOLE METHODISTE,001 - ECOLE METHODISTE,BV05,440,COMMUNE
BONOUA-001-BV06,001,ECOLE METHODISTE,001 - ECOLE METHODISTE,BV06,440,COMMUNE
BONOUA-001-BV07,001,ECOLE METHODISTE,001 - ECOLE METHODISTE,BV07,440,COMMUNE
BONOUA-002-BV01,002,GS AWOSSI AHOULOU 1,002 - GS AWOSSI AHOULOU 1,BV01,440,COMMUNE
BONOUA-002-BV02,002,GS AWOSSI AHOULOU 1,002 - GS AWOSSI AHOULOU 1,BV02,440,COMMUNE
BONOUA-002-BV03,002,GS AWOSSI AHOULOU 1,002 - GS AWOSSI AHOULOU 1,BV03,440,COMMUNE
BONOUA-002-BV04,002,GS AWOSSI AHOULOU 1,002 - GS AWOSSI AHOULOU 1,BV04,440,COMMUNE
BONOUA-002-BV05,002,GS AWOSSI AHOULOU 1,002 - GS AWOSSI AHOULOU 1,BV05,440,COMMUNE
BONOUA-002-BV06,002,GS AWOSSI AHOULOU 1,002 - GS AWOSSI AHOULOU 1,BV06,440,COMMUNE
BONOUA-002-BV07,002,GS AWOSSI AHOULOU 1,002 - GS AWOSSI AHOULOU 1,BV07,432,COMMUNE
BONOUA-003-BV01,003,GS MOULO BROU AN 2000,003 - GS MOULO BROU AN 2000,BV01,416,COMMUNE
BONOUA-003-BV02,003,GS MOULO BROU AN 2000,003 - GS MOULO BROU AN 2000,BV02,416,COMMUNE
BONOUA-003-BV03,003,GS MOULO BROU AN 2000,003 - GS MOULO BROU AN 2000,BV03,411,COMMUNE
BONOUA-003-BV04,003,GS MOULO BROU AN 2000,003 - GS MOULO BROU AN 2000,BV04,408,COMMUNE
BONOUA-003-BV05,003,GS MOULO BROU AN 2000,003 - GS MOULO BROU AN 2000,BV05,408,COMMUNE
BONOUA-003-BV06,003,GS MOULO BROU AN 2000,003 - GS MOULO BROU AN 2000,BV06,408,COMMUNE
BONOUA-004-BV01,004,EPP BONOUA HARRIS 1-2,004 - EPP BONOUA HARRIS 1-2,BV01,376,COMMUNE
BONOUA-004-BV02,004,EPP BONOUA HARRIS 1-2,004 - EPP BONOUA HARRIS 1-2,BV02,371,COMMUNE
BONOUA-004-BV03,004,EPP BONOUA HARRIS 1-2,004 - EPP BONOUA HARRIS 1-2,BV03,368,COMMUNE
BONOUA-004-BV04,004,EPP BONOUA HARRIS 1-2,004 - EPP BONOUA HARRIS 1-2,BV04,368,COMMUNE
BONOUA-004-BV05,004,EPP BONOUA HARRIS 1-2,004 - EPP BONOUA HARRIS 1-2,BV05,368,COMMUNE
BONOUA-005-BV01,005,GS BONOUA MUNICIPALITE,005 - GS BONOUA MUNICIPALITE,BV01,416,COMMUNE
BONOUA-005-BV02,005,GS BONOUA MUNICIPALITE,005 - GS BONOUA MUNICIPALITE,BV02,412,COMMUNE
BONOUA-005-BV03,005,GS BONOUA MUNICIPALITE,005 - GS BONOUA MUNICIPALITE,BV03,408,COMMUNE
BONOUA-005-BV04,005,GS BONOUA MUNICIPALITE,005 - GS BONOUA MUNICIPALITE,BV04,408,COMMUNE
BONOUA-006-BV01,006,EPP IMPERIE,006 - EPP IMPERIE,BV01,368,COMMUNE
BONOUA-006-BV02,006,EPP IMPERIE,006 - EPP IMPERIE,BV02,368,COMMUNE
BONOUA-006-BV03,006,EPP IMPERIE,006 - EPP IMPERIE,BV03,365,COMMUNE
BONOUA-006-BV04,006,EPP IMPERIE,006 - EPP IMPERIE,BV04,360,COMMUNE
BONOUA-007-BV01,007,GS BONHI ADJA,007 - GS BONHI ADJA,BV01,440,COMMUNE
BONOUA-007-BV02,007,GS BONHI ADJA,007 - GS BONHI ADJA,BV02,440,COMMUNE
BONOUA-007-BV03,007,GS BONHI ADJA,007 - GS BONHI ADJA,BV03,440,COMMUNE
BONOUA-007-BV04,007,GS BONHI ADJA,007 - GS BONHI ADJA,BV04,440,COMMUNE
BONOUA-007-BV05,007,GS BONHI ADJA,007 - GS BONHI ADJA,BV05,440,COMMUNE
BONOUA-007-BV06,007,GS BONHI ADJA,007 - GS BONHI ADJA,BV06,440,COMMUNE
BONOUA-007-BV07,007,GS BONHI ADJA,007 - GS BONHI ADJA,BV07,440,COMMUNE
BONOUA-007-BV08,007,GS BONHI ADJA,007 - GS BONHI ADJA,BV08,436,COMMUNE
BONOUA-008-BV01,008,GROUPE SCOLAIRE AKPA GNAGNE AHOULOU ALPHONSE,008 - GROUPE SCOLAIRE AKPA GNAGNE AHOULOU ALPHONSE,BV01,416,COMMUNE
BONOUA-008-BV02,008,GROUPE SCOLAIRE AKPA GNAGNE AHOULOU ALPHONSE,008 - GROUPE SCOLAIRE AKPA GNAGNE AHOULOU ALPHONSE,BV02,413,COMMUNE
BONOUA-008-BV03,008,GROUPE SCOLAIRE AKPA GNAGNE AHOULOU ALPHONSE,008 - GROUPE SCOLAIRE AKPA GNAGNE AHOULOU ALPHONSE,BV03,408,COMMUNE
BONOUA-008-BV04,008,GROUPE SCOLAIRE AKPA GNAGNE AHOULOU ALPHONSE,008 - GROUPE SCOLAIRE AKPA GNAGNE AHOULOU ALPHONSE,BV04,408,COMMUNE
BONOUA-008-BV05,008,GROUPE SCOLAIRE AKPA GNAGNE AHOULOU ALPHONSE,008 - GROUPE SCOLAIRE AKPA GNAGNE AHOULOU ALPHONSE,BV05,408,COMMUNE
BONOUA-008-BV06,008,GROUPE SCOLAIRE AKPA GNAGNE AHOULOU ALPHONSE,008 - GROUPE SCOLAIRE AKPA GNAGNE AHOULOU ALPHONSE,BV06,408,COMMUNE
BONOUA-008-BV07,008,GROUPE SCOLAIRE AKPA GNAGNE AHOULOU ALPHONSE,008 - GROUPE SCOLAIRE AKPA GNAGNE AHOULOU ALPHONSE,BV07,408,COMMUNE
BONOUA-008-BV08,008,GROUPE SCOLAIRE AKPA GNAGNE AHOULOU ALPHONSE,008 - GROUPE SCOLAIRE AKPA GNAGNE AHOULOU ALPHONSE,BV08,408,COMMUNE
BONOUA-008-BV09,008,GROUPE SCOLAIRE AKPA GNAGNE AHOULOU ALPHONSE,008 - GROUPE SCOLAIRE AKPA GNAGNE AHOULOU ALPHONSE,BV09,408,COMMUNE
BONOUA-008-BV10,008,GROUPE SCOLAIRE AKPA GNAGNE AHOULOU ALPHONSE,008 - GROUPE SCOLAIRE AKPA GNAGNE AHOULOU ALPHONSE,BV10,408,COMMUNE
BONOUA-009-BV01,009,EPP ADIAHO,009 - EPP ADIAHO,BV01,357,COMMUNE
BONOUA-009-BV02,009,EPP ADIAHO,009 - EPP ADIAHO,BV02,352,COMMUNE
BONOUA-009-BV03,009,EPP ADIAHO,009 - EPP ADIAHO,BV03,352,COMMUNE
BONOUA-009-BV04,009,EPP ADIAHO,009 - EPP ADIAHO,BV04,352,COMMUNE
BONOUA-010-BV01,010,EPP SAMO,010 - EPP SAMO,BV01,424,COMMUNE
BONOUA-010-BV02,010,EPP SAMO,010 - EPP SAMO,BV02,424,COMMUNE
BONOUA-010-BV03,010,EPP SAMO,010 - EPP SAMO,BV03,416,COMMUNE
BONOUA-010-BV04,010,EPP SAMO,010 - EPP SAMO,BV04,416,COMMUNE
BONOUA-010-BV05,010,EPP SAMO,010 - EPP SAMO,BV05,416,COMMUNE
BONOUA-010-BV06,010,EPP SAMO,010 - EPP SAMO,BV06,416,COMMUNE
BONOUA-010-BV07,010,EPP SAMO,010 - EPP SAMO,BV07,416,COMMUNE
BONOUA-010-BV08,010,EPP SAMO,010 - EPP SAMO,BV08,416,COMMUNE
BONOUA-011-BV01,011,EPP YAHOU A ET B,011 - EPP YAHOU A ET B,BV01,416,COMMUNE
BONOUA-011-BV02,011,EPP YAHOU A ET B,011 - EPP YAHOU A ET B,BV02,416,COMMUNE
BONOUA-011-BV03,011,EPP YAHOU A ET B,011 - EPP YAHOU A ET B,BV03,416,COMMUNE
BONOUA-011-BV04,011,EPP YAHOU A ET B,011 - EPP YAHOU A ET B,BV04,416,COMMUNE
BONOUA-011-BV05,011,EPP YAHOU A ET B,011 - EPP YAHOU A ET B,BV05,414,COMMUNE
BONOUA-011-BV06,011,EPP YAHOU A ET B,011 - EPP YAHOU A ET B,BV06,408,COMMUNE
BONOUA-011-BV07,011,EPP YAHOU A ET B,011 - EPP YAHOU A ET B,BV07,408,COMMUNE
BONOUA-012-BV01,012,EPP HARRIS 1-2,012 - EPP HARRIS 1-2,BV01,400,COMMUNE
BONOUA-012-BV02,012,EPP HARRIS 1-2,012 - EPP HARRIS 1-2,BV02,400,COMMUNE
BONOUA-012-BV03,012,EPP HARRIS 1-2,012 - EPP HARRIS 1-2,BV03,397,COMMUNE
BONOUA-012-BV04,012,EPP HARRIS 1-2,012 - EPP HARRIS 1-2,BV04,392,COMMUNE
BONOUA-012-BV05,012,EPP HARRIS 1-2,012 - EPP HARRIS 1-2,BV05,392,COMMUNE
BONOUA-012-BV06,012,EPP HARRIS 1-2,012 - EPP HARRIS 1-2,BV06,392,COMMUNE
BONOUA-013-BV01,013,GROUPE SCOLAIRE OBROU KOUASSI,013 - GROUPE SCOLAIRE OBROU KOUASSI,BV01,384,COMMUNE
BONOUA-013-BV02,013,GROUPE SCOLAIRE OBROU KOUASSI,013 - GROUPE SCOLAIRE OBROU KOUASSI,BV02,384,COMMUNE
BONOUA-013-BV03,013,GROUPE SCOLAIRE OBROU KOUASSI,013 - GROUPE SCOLAIRE OBROU KOUASSI,BV03,384,COMMUNE
BONOUA-013-BV04,013,GROUPE SCOLAIRE OBROU KOUASSI,013 - GROUPE SCOLAIRE OBROU KOUASSI,BV04,384,COMMUNE
BONOUA-013-BV05,013,GROUPE SCOLAIRE OBROU KOUASSI,013 - GROUPE SCOLAIRE OBROU KOUASSI,BV05,378,COMMUNE
BONOUA-013-BV06,013,GROUPE SCOLAIRE OBROU KOUASSI,013 - GROUPE SCOLAIRE OBROU KOUASSI,BV06,376,COMMUNE
BONOUA-014-BV01,014,COLLEGE CHRIST-ROI,014 - COLLEGE CHRIST-ROI,BV01,408,COMMUNE
BONOUA-014-BV02,014,COLLEGE CHRIST-ROI,014 - COLLEGE CHRIST-ROI,BV02,400,COMMUNE
BONOUA-014-BV03,014,COLLEGE CHRIST-ROI,014 - COLLEGE CHRIST-ROI,BV03,400,COMMUNE
BONOUA-014-BV04,014,COLLEGE CHRIST-ROI,014 - COLLEGE CHRIST-ROI,BV04,400,COMMUNE
BONOUA-014-BV05,014,COLLEGE CHRIST-ROI,014 - COLLEGE CHRIST-ROI,BV05,400,COMMUNE
BONOUA-015-BV01,015,GROUPE SCOLAIRE EMMANUEL,015 - GROUPE SCOLAIRE EMMANUEL,BV01,392,COMMUNE
BONOUA-015-BV02,015,GROUPE SCOLAIRE EMMANUEL,015 - GROUPE SCOLAIRE EMMANUEL,BV02,392,COMMUNE
BONOUA-015-BV03,015,GROUPE SCOLAIRE EMMANUEL,015 - GROUPE SCOLAIRE EMMANUEL,BV03,392,COMMUNE
BONOUA-015-BV04,015,GROUPE SCOLAIRE EMMANUEL,015 - GROUPE SCOLAIRE EMMANUEL,BV04,392,COMMUNE
BONOUA-015-BV05,015,GROUPE SCOLAIRE EMMANUEL,015 - GROUPE SCOLAIRE EMMANUEL,BV05,384,COMMUNE
BONOUA-016-BV01,016,EPP AMETHIER JEAN BAPTISTE,016 - EPP AMETHIER JEAN BAPTISTE,BV01,376,COMMUNE
BONOUA-016-BV02,016,EPP AMETHIER JEAN BAPTISTE,016 - EPP AMETHIER JEAN BAPTISTE,BV02,370,COMMUNE
BONOUA-016-BV03,016,EPP AMETHIER JEAN BAPTISTE,016 - EPP AMETHIER JEAN BAPTISTE,BV03,368,COMMUNE
BONOUA-016-BV04,016,EPP AMETHIER JEAN BAPTISTE,016 - EPP AMETHIER JEAN BAPTISTE,BV04,368,COMMUNE
BONOUA-016-BV05,016,EPP AMETHIER JEAN BAPTISTE,016 - EPP AMETHIER JEAN BAPTISTE,BV05,368,COMMUNE
BONOUA-017-BV01,017,PLACE PUBLIQUE KODJOBOUE,017 - PLACE PUBLIQUE KODJOBOUE,BV01,412,COMMUNE
BONOUA-017-BV02,017,PLACE PUBLIQUE KODJOBOUE,017 - PLACE PUBLIQUE KODJOBOUE,BV02,408,COMMUNE
BONOUA-018-BV01,018,COLLEGE JESUS-MARIE,018 - COLLEGE JESUS-MARIE,BV01,320,COMMUNE
BONOUA-018-BV02,018,COLLEGE JESUS-MARIE,018 - COLLEGE JESUS-MARIE,BV02,317,COMMUNE
BONOUA-019-BV01,019,EPP ANDRE MAUD,019 - EPP ANDRE MAUD,BV01,417,COMMUNE
BONOUA-020-BV01,020,FOYER DES JEUNES DE BONOUA,020 - FOYER DES JEUNES DE BONOUA,BV01,419,COMMUNE
BONOUA-020-BV02,020,FOYER DES JEUNES DE BONOUA,020 - FOYER DES JEUNES DE BONOUA,BV02,416,COMMUNE
BONOUA-020-BV03,020,FOYER DES JEUNES DE BONOUA,020 - FOYER DES JEUNES DE BONOUA,BV03,416,COMMUNE
BONOUA-021-BV01,021,EPP YAOU C ET D,021 - EPP YAOU C ET D,BV01,344,COMMUNE
BONOUA-021-BV02,021,EPP YAOU C ET D,021 - EPP YAOU C ET D,BV02,344,COMMUNE
BONOUA-021-BV03,021,EPP YAOU C ET D,021 - EPP YAOU C ET D,BV03,339,COMMUNE
BONOUA-021-BV04,021,EPP YAOU C ET D,021 - EPP YAOU C ET D,BV04,336,COMMUNE
BONOUA-SP-001-BV01,SP-001,EPP ABROBAKRO,SP-001 - EPP ABROBAKRO,BV01,164,SOUS_PREFECTURE
BONOUA-SP-002-BV01,SP-002,EPP ALLOHORE,SP-002 - EPP ALLOHORE,BV01,142,SOUS_PREFECTURE
BONOUA-SP-003-BV01,SP-003,EPP ASSE,SP-003 - EPP ASSE,BV01,398,SOUS_PREFECTURE
BONOUA-SP-003-BV02,SP-003,EPP ASSE,SP-003 - EPP ASSE,BV02,392,SOUS_PREFECTURE
BONOUA-SP-003-BV03,SP-003,EPP ASSE,SP-003 - EPP ASSE,BV03,392,SOUS_PREFECTURE
BONOUA-SP-004-BV01,SP-004,EPP SODEPALME,SP-004 - EPP SODEPALME,BV01,431,SOUS_PREFECTURE
BONOUA-SP-005-BV01,SP-005,EPP LARABIA,SP-005 - EPP LARABIA,BV01,440,SOUS_PREFECTURE
BONOUA-SP-005-BV02,SP-005,EPP LARABIA,SP-005 - EPP LARABIA,BV02,438,SOUS_PREFECTURE
BONOUA-SP-006-BV01,SP-006,EPP MEDINA,SP-006 - EPP MEDINA,BV01,336,SOUS_PREFECTURE
BONOUA-SP-006-BV02,SP-006,EPP MEDINA,SP-006 - EPP MEDINA,BV02,336,SOUS_PREFECTURE
BONOUA-SP-007-BV01,SP-007,EPP MOHAME,SP-007 - EPP MOHAME,BV01,336,SOUS_PREFECTURE
BONOUA-SP-008-BV01,SP-008,PLACE PUBLIQUE ONO BORD,SP-008 - PLACE PUBLIQUE ONO BORD,BV01,86,SOUS_PREFECTURE
